platform,n_weeks,mean,median,std,p10,p90,min,max
Bing Ads,107,3.415011095506175,2.661219702892885,2.665093450873663,0.6965554833549226,7.0535290952333405,0.0,11.513253577292987
Google Ads,127,2.2992334921020245,2.0925159536610414,1.1511154568096198,1.2847576120671271,3.3953711686931647,0.7922400813018972,10.50808199341144
Meta Ads,84,1.7631430031116566,1.6826907853358681,0.7913422272740651,0.7825832016126664,2.967858433711624,0.15551253426786876,3.8331895249053956
