grain,level,log_a,log_b,log_r2,power_a,power_b,power_r2,hill_Vmax,hill_K,hill_n,hill_r2
Bing Ads,platform,243.3894084305056,0.016108757153985846,0.2633629256616865,11.289547340413817,0.6477267213704933,0.26304492772521393,1031.2284263227957,441.351594057477,0.8370709633263799,0.2656738410779417
Google Ads,platform,12753.49478912301,0.00018400026221078615,0.836680879045268,23.10935678173888,0.6783002895323136,0.8436707930083703,143249.767401908,246801.79802972884,0.7371361986648441,0.8451038823778675
Meta Ads,platform,1442.8266501268108,0.001616562867734016,0.672973478428727,9.529074993995634,0.7102278455168874,0.6574193875607715,2808.0690920490715,892.9320790515794,1.2391309859872413,0.6798406880197916
